WID,Consortium,Current Owner,Land Owner,Well Name,UWI,Class,Status,Latitude (NAD83) -Well Post,Longitude (NAD83) -Well Post,Region,Original Spud Date,Original Rig Release Date,Depth (m),Notes
761,ESSO CIGOL AKKU F-14,Imperial,ILA,AKKU F-14,300F146930132150,Exploratory Well,Abandoned,"69° 23' 14.9""","132° 19' 17.8""",NWT Mackenzie Delta Onshore,09-Dec-72,01-Jan-73,,
546,SHELL AKLAVIK A-37,Shell,Territorial,AKLAVIK A-37,300A376820135000,Exploratory Well,Abandoned,"68° 16' 14.2""","135° 7' 55.6""",NWT Mackenzie Delta Onshore,02-Aug-70,13-Oct-70,,
820,ELF ET AL IMPERIAL,Husky,ILA,AMAGUK H-16,300H166940131000,Exploratory,Plug and abandoned,"69° 35' 24.0""","131° 2' 52.1""",NWT Mackenzie Delta Onshore,25-Mar-73,1-May-73,1257.9,
920,IMP CIGOL AMAROK N-44,Imperial,Territorial,AMAROK N-44,300N447000130450,Exploratory Well,Abandoned,"69° 53' 59.1""","130° 56' 25.8""",NWT Mackenzie Delta Onshore,11-Apr-74,26-May-74,,
829,ELFEX ANDREASEN L-32,Husky,Territorial,ANDREASEN L-32,300L327720118000,Exploratory Well,Abandoned,"77° 11' 40.0""","118° 14' 26.4""",NWT Arctic Islands Onshore,09-Apr-73,30-May-73,,
843,SUNCOR APOLLO C-73,Suncor,Territorial,APOLLO C-73,300C737540111300,Exploratory Well,Abandoned,"75° 32' 2.5""","111° 59' 6.8""",NWT Arctic Islands Onshore,13-May-73,10-Aug-73,,
728,IMP ATERTAK E-41,Imperial,ILA,ATERTAK E-41,300E416940132300,Exploratory Well,Suspended,"69° 30' 26.9""","132° 42' 17.8""",NWT Mackenzie Delta Onshore,01-May-72,13-Jul-72,,
1615,ESSO HOME ET AL ATERTAK K-31,Imperial,ILA,ATERTAK K-31,300K316940132300,Exploratory Well,Abandoned,"69° 30' 34.3""","132° 39' 17.2""",NWT Mackenzie Delta Onshore,08-Apr-86,12-May-86,,
584,GULF MOBIL ATIGI G-04,ConocoPhillips,,ATIGI G-04,300G046900133450,Exploratory Well,Abandoned,"68° 53' 15.6""","133° 46' 12.9""",NWT Mackenzie Delta Onshore,07-Jan-71,27-Apr-71,,
894,GULF MOBIL ATIGI O-48,ConocoPhillips,,ATIGI O-48,300O486900133450,Exploratory Well,Suspended,"68° 57' 47.7""","133° 56' 16.7""",NWT Mackenzie Delta Onshore,09-Jan-74,28-Feb-74,,
2049,MGM ET AL ATIK P-19,MGM Energy Corp.,Territorial,ATIK P-19,300P196900135300,Exploratory Well,Suspended,"68° 58' 54.4""","135° 32' 51.9""",NWT Mackenzie Delta Onshore,23-Dec-07,26-Jan-08,,
887,IMP CIGOL ATKINSON A-55,Imperial,ILA,ATKINSON A-55,300A556950131450,Delineation Well,Abandoned,"69° 44' 9.0""","131° 58' 3.9""",NWT Mackenzie Delta Onshore,15-Dec-73,23-Jan-74,,
478,ESSO ATKINSON H-25,Imperial,ILA,ATKINSON H-25,300H256950131450,Exploratory Well,Abandoned,"69° 44' 17.6""","131° 50' 31.2""",NWT Mackenzie Delta Onshore,14-Dec-69,26-Feb-70,,
534,IOE,Imperial,ILA,ATKINSON M-33,300M336950131450,Exploratory,Plug and abandoned,"69° 42' 47.9""","131° 54' 42.8""",NWT Mackenzie Delta Onshore,1-May-70,3-Jun-70,1928.5,
1015,SUNCOR ELF BAR HARBOUR E-76,Suncor,Territorial,BAR HARBOUR E-76,300E767420123300,Exploratory Well,Abandoned,"74° 15' 28.8""","123° 54' 2.2""",NWT Arctic Islands Onshore,24-Nov-75,02-Jan-76,,
562,SHELL BEAVER HOUSE CREEK H-13,Shell,ILA,BEAVER HOUSE CREEK H-13,300H136830135300,Exploratory Well,Suspended,"68° 22' 15.9""","135° 33' 12.2""",NWT Mackenzie Delta Onshore,23-Nov-70,27-Mar-71,,
537,IOE,Imperial,YT Reserved,BLOW RIVER YT E-47,300E476850137150,Exploratory,Plug and abandoned,"68° 46' 19.9""","137° 27' 13.0""",Yukon Onshore,8-May-70,15-Nov-70,4267.2,
657,SUNCOR BP SKELLY TENNECO ET AL BROCK C-50,Suncor,Territorial,BROCK C-50,300C507750114000,Exploratory Well,Abandoned,"77° 49' 2.9""","114° 17' 35.6""",NWT Arctic Islands Onshore,12-Nov-71,22-Mar-72,,
719,SUNCOR BROCK I-20,Suncor,Territorial,BROCK I-20,300I207800114300,Exploratory Well,Abandoned,"77° 59' 42.9""","114° 34' 2.8""",NWT Arctic Islands Onshore,14-Apr-72,28-Jun-72,,
532,ELF CAPE NOREM A-80,Husky,Territorial,CAPE NOREM A-80,300A807730110000,Exploratory Well,Abandoned,"77° 29' 16.1""","110° 27' 14.4""",NWT Arctic Islands Onshore,20-Apr-70,27-Aug-70,,
975,SUNCOR TENN ET AL CASTEL BAY C-68,Suncor,Aulavik National Park,CASTEL BAY C-68,300C687410120300,Exploratory Well,Abandoned,"74° 7' 13.0""","120° 50' 10.1""",NWT Arctic Islands Onshore,29-Jan-75,05-Apr-75,,
407,CPOG CROSSLEY LK S K-60,Encana,ILA,CROSSLEY LK S K-60,300K606830129150,Exploratory Well,Abandoned,"68° 29' 39.3""","129° 29' 22.8""",NWT Mainland,28-Aug-68,09-Mar-69,,
1073,SUNCOR AIEG ET AL DEPOT ISLAND C-44,Suncor,Territorial,DEPOT ISLAND C-44,300C447630114000,Exploratory Well,Abandoned,"76° 23' 17.1""","114° 17' 54.9""",NWT Arctic Islands Onshore,19-Apr-77,10-Jun-77,,
744,SUNCOR DOME DUNDAS C-80,Suncor,Territorial,DUNDAS C-80,300C807440113000,Exploratory Well,Abandoned,"74° 39' 4.3""","113° 23' 8.6""",NWT Arctic Islands Onshore,14-Oct-72,19-Jan-73,,
1012,ELF ET AL DYER BAY L-49,Husky,Territorial,DYER BAY L-49,300L497610121300,Exploratory Well,Abandoned,"76° 8' 37.6""","121° 48' 49.2""",NWT Arctic Islands Onshore,01-Nov-75,20-Feb-76,,
1013,SUNCOR ET AL E. HECLA C-32,Suncor,ILA,EAST HECLA C-32,300C327630110000,Delineation Well,Suspended,"76° 21' 12.1""","110° 13' 54.7""",NWT Arctic Islands Onshore,07-Nov-75,16-Dec-75,,
754,PANARCTIC TENN ET AL POR,Suncor,ILA,EAST HECLA F-62,300F627630110002,Exploratory,Plug and abandoned,"76° 21' 15.8""","110° 24' 38.5""",NWT Arctic Islands Onshore,11-Nov-72,11-Dec-72,1219,
934,SUNCOR GULF EGLINTON P-24,Suncor,Territorial,EGLINTON P-24,300P247600118000,Exploratory Well,Abandoned,"75° 53' 55.4""","118° 7' 50.1""",NWT Arctic Islands Onshore,06-Jun-74,03-Jul-74,,
1969,MGM ET AL ELLICE I-48,Uncertain,Territorial,ELLICE I-48,300I486910135450,Exploratory Well,Suspended,"69° 7' 33.6""","135° 55' 43.4""",NWT Mackenzie Delta Onshore,04-Feb-04,16-Apr-04,,Ownership uncertain by MGM. Chevron or MGM.
2059,MGM ET AL ELLICE J-27,MGM Energy Corp.,Territorial,ELLICE J-27,300J276910135450,Exploratory Well,Suspended,"69° 6' 39.3""","135° 51' 3.5""",NWT Mackenzie Delta Onshore,25-Dec-08,22-Jan-09,,
475,IOE ELLICE O-14,Imperial,Territorial,ELLICE O-14,300O146910135450,Exploratory Well,Abandoned,"69° 3' 55.6""","135° 48' 25.8""",NWT Mackenzie Delta Onshore,19-Nov-69,17-Feb-70,,
762,BP ET AL PANARCTIC EMERALD K-33,BP,Territorial,EMERALD K-33,300K337650113300,Exploratory Well,Abandoned,"76° 42' 45.7""","113° 43' 31.1""",NWT Arctic Islands Onshore,12-Dec-72,13-Apr-73,,
463,IOE ESKIMO J-07,Imperial,ILA,ESKIMO J-07,300J076920132300,Exploratory Well,Abandoned,"69° 16' 42.9""","132° 31' 8.8""",NWT Mackenzie Delta Onshore,10-May-69,31-May-69,,
1075,CHEVRON CANADA PEX ET AL FISH RIVER B-60,Chevron,ILA,FISH RIVER B-60,300B606840136000,Exploratory Well,Abandoned,"68° 39' 2.5""","136° 13' 48.4""",NWT Mackenzie Delta Onshore,21-Jun-77,31-Oct-77,,
1088,SUN CCL BVX ET AL GARRY G-07,Uncertain,Territorial,GARRY G-07,300G076930135301,Exploratory Well,Abandoned,"69° 43' 95.8""","135° 51' 55.55""",NWT Mackenzie Delta Onshore,10-Feb-78,13-May-78,4021.2,Chevron or Suncor
1006,SUN SOBC BVX ET AL GARRY P-04,Uncertain,Territorial,GARRY P-04,300P046930135300,Exploratory Well,Abandoned,"69° 23' 45.5""","135° 30' 29.5""",NWT Mackenzie Delta Onshore,25-Aug-75,05-Jan-76,,Chevron or Suncor
1597,ESSO PCI HOME ET AL HANSEN G-07,Imperial,Territorial,HANSEN G-07,300G076940134000,Exploratory Well,Suspended,"69° 36' 20.4""","134° 1' 22.0""",NWT Mackenzie Delta Onshore,10-Feb-86,11-Apr-86,,
1107,DOME PANARCTIC ET AL HEARNE F-85,BP,Territorial,HEARNE F-85,300F857450110300,Exploratory Well,Abandoned,"74° 44' 18.2""","110° 56' 5.9""",NWT Arctic Islands Onshore,25-Oct-78,09-Jan-79,,
799,PANARCTIC TENNECO ET AL,Suncor,ILA,HECLA I-69,300I697620110001,Delineation,Plug and abandoned,"76° 18' 36.7""",110° 23' 15.4,NWT Arctic Islands Onshore,22-Feb-73,11-Apr-73,1456.6,
540,PANARCTIC HOMESTEAD,Suncor,ILA,HECLA J-60,300J607620110000,Exploratory,Plug and abandoned,"76° 19' 37.9""","110° 19' 49.1""",NWT Arctic Islands Onshore,31-May-70,16-Sep-70,3616.5,
473,ELF HORTON RIVER G-02,Husky,ILA,HORTON RIVER G-02,300G027000127150,Exploratory Well,Abandoned,"69° 51' 23.1""","127° 16' 5.9""",NWT Mainland,09-Nov-69,22-Jan-70,,
639,GULF MOBIL IKHIL A-01,ConocoPhillips,ILA,IKHIL A-01,300A016850134000,Exploratory Well,Abandoned,"68° 40' 12.7""","134° 0' 40.4""",NWT Mackenzie Delta Onshore,09-May-71,27-Jun-71,,
830,GULF MOBIL IKHIL I-37,Uncertain,ILA,IKHIL I-37,300I376850134000,Exploratory Well,Abandoned,"68° 46' 33.7""","134° 7' 59.6""",NWT Mackenzie Delta Onshore,10-Apr-73,03-Dec-73,,Sold to Shell by ConocoPhillips. Shell would not confirm.
1839,UGFI et al IKHIL J-35,Inuvialuit Petroleum Corporation,ILA,IKHIL J-35,300J356850134000,Delineation Well,Suspended,"68° 44' 35.3""","134° 8' 44.4""",NWT Mackenzie Delta Onshore,27-Feb-98,20-Mar-98,,
1606,UGFI et al IKHIL K-35,Inuvialuit Petroleum Corporation,ILA,IKHIL K-35,300K356850134000,Exploratory Well,Suspended,"68° 44' 43.4""","134° 9' 25.6""",NWT Mackenzie Delta Onshore,27-Feb-86,25-Mar-86,,
1840,IPC IKHIL N-26,Inuvialuit Petroleum Corporation,ILA,IKHIL N-26,300N266850134000,Delineation Well,Abandoned,"68° 45' 54.9""","134° 6' 46.8""",NWT Mackenzie Delta Onshore,20-Mar-98,05-Apr-98,,
908,COLUMBIA ET AL AMOCO IKKARIKTOK M-64,Uncertain,Territorial,IKKARIKTOK M-64,300M647230121300,Exploratory Well,Abandoned,"72° 23' 49.0""","121° 51' 9.1""",NWT Arctic Islands Onshore,26-Feb-74,16-Apr-74,,BP or Canadian Nat Resources
965,DOME IMP IMNAK J-29,BP,ILA,IMNAK J-29,300J296910133000,Exploratory Well,Abandoned,"69° 8' 40.8""","133° 6' 14.8""",NWT Mackenzie Delta Onshore,22-Dec-74,12-Mar-75,,
780,ELF INTREPID INLET H-49,Husky,Territorial,INTREPID INLET H-49,300H497700118300,Exploratory Well,Abandoned,"76° 58' 29.0""","118° 45' 15.7""",NWT Arctic Islands Onshore,10-Jan-73,18-Mar-73,,
1984,DEVON ET AL ITIGINKPAK F-29,Canadian Natural Resources,Territorial,ITIGINKPAK F-29 (N2002A0039),300F296830134300,Exploratory Well,Abandoned,"68° 28' 17.9""","134° 36' 41.0""",NWT Mackenzie Delta Onshore,11-Feb-03,16-Mar-03,,
1499,ESSO PCI HOME ET AL ITKRILEK B-52,Imperial,Territorial,ITKRILEK B-52,300B526940131450,Exploratory Well,Abandoned,"69° 31' 13.8""","131° 58' 41.7""",NWT Mackenzie Delta Onshore,21-Mar-85,04-Apr-85,,
767,IMP IVIK C-52,Imperial,Territorial,IVIK C-52,300C526940134150,Exploratory Well,Abandoned,"69° 31' 9.8""","134° 29' 2.1""",NWT Mackenzie Delta Onshore,19-Dec-72,13-Feb-73,,
716,ESSO IVIK J-26,Imperial,Territorial,IVIK J-26,300J266940134150,Exploratory Well,Suspended,"69° 35' 41.8""","134° 20' 48.1""",NWT Mackenzie Delta Onshore,08-Apr-72,30-Sep-72,,
825,IMP,Imperial,Territorial,IVIK K-54,300K546940134150,Exploratory,Plug and abandoned,"69° 33' 36.0""","134° 29' 1.0""",NWT Mackenzie Delta Onshore,30-Mar-73,8-Jun-73,3151,
779,IMP IVIK N-17,Imperial,Territorial,IVIK N-17,300N176940134150,Delineation Well,Abandoned,"69° 36' 50.8""","134° 19' 26.1""",NWT Mackenzie Delta Onshore,10-Jan-73,04-Mar-73,,
620,ELF JAMESON BAY C-31,Husky,Territorial,JAMESON BAY C-31,300C317650116300,Exploratory Well,Abandoned,"76° 40' 14.6""","116° 43' 56.6""",NWT Arctic Islands Onshore,11-Mar-71,16-May-71,,
1018,GULF-MOBIL KAMIK D-48,ConocoPhillips,Territorial,KAMIK D-48,300D486900133150,Delineation Well,Other,"68° 57' 12.4""","133° 27' 39.6""",NWT Mackenzie Delta Onshore,23-Dec-75,04-Apr-76,,
960,GULF-MOBIL KAMIK D-58,ConocoPhillips,Territorial,KAMIK D-58,300D586900133150,Delineation Well,Abandoned,"68° 57' 13.0""","133° 30' 1.1""",NWT Mackenzie Delta Onshore,26-Nov-74,14-Mar-75,,
1055,GULF-MOBIL KAMIK F-38,ConocoPhillips,Territorial,KAMIK F-38,300F386900133150,Exploratory Well,Abandoned,"68° 57' 22.7""","133° 24' 4.2""",NWT Mackenzie Delta Onshore,13-Dec-76,13-Mar-77,,
991,GULF-MOBIL KAMIK L-60,ConocoPhillips,Territorial,KAMIK L-60,300L606900133150,Exploratory Well,Abandoned,"68° 59' 40.5""","133° 29' 33.8""",NWT Mackenzie Delta Onshore,29-Mar-75,11-Jun-75,,
789,IMP CIGOL KANGUK F-42,Imperial,Territorial,KANGUK F-42,300F427000131000,Exploratory Well,Abandoned,"69° 51' 26.1""","131° 11' 30.8""",NWT Mackenzie Delta Onshore,27-Jan-73,15-Feb-73,,
603,IOE KANGUK I-24,Imperial,Territorial,KANGUK I-24,300I247000131000,Exploratory Well,Abandoned,"69° 53' 40.1""","131° 5' 21.8""",NWT Mackenzie Delta Onshore,13-Feb-71,07-Mar-71,,
968,IMP CIGOL KAPIK J-39,Imperial,Territorial,KAPIK J-39,300J397000130000,Exploratory Well,Abandoned,"69° 58' 32.2""","130° 8' 19.8""",NWT Mackenzie Delta Onshore,01-Jan-75,30-Jan-75,,
964,GULF MOBIL KIKORALOK N-46,ConocoPhillips,Territorial,KIKORALOK N-46,300N466910134450,Exploratory Well,Abandoned,"69° 5' 45.7""","134° 56' 42.7""",NWT Mackenzie Delta Onshore,20-Dec-74,25-Jan-75,,
693,GULF MOBIL KILAGMIOTAK F-48,ConocoPhillips,Territorial,KILAGMIOTAK F-48,300F486930134000,Exploratory Well,Abandoned,"69° 27' 28.9""","134° 12' 1.1""",NWT Mackenzie Delta Onshore,04-Feb-72,12-Oct-72,,
984,GULF MOBIL KILAGMIOTAK M-16,ConocoPhillips,Territorial,KILAGMIOTAK M-16,300M166930134000,Exploratory Well,Abandoned,"69° 25' 51.9""","134° 4' 40.1""",NWT Mackenzie Delta Onshore,25-Feb-75,01-Apr-75,,
845,ELF ET AL KILIGVAK I-29,Husky,Territorial,KILIGVAK I-29,300I296930131150,Exploratory Well,Abandoned,"69° 28' 38.0""","131° 20' 25.7""",NWT Mackenzie Delta Onshore,16-May-73,08-Aug-73,,
670,IMP IOE KIMIK D-29,Imperial,ILA,KIMIK D-29,300D296940132150,Exploratory Well,Abandoned,"69° 38' 5.0""","132° 22' 19.8""",NWT Mackenzie Delta Onshore,17-Dec-71,16-Feb-72,,
939,SHELL KIPNIK O-20,Shell,ILA,KIPNIK O-20,300O206850134450,Exploratory Well,Abandoned,"68° 49' 59.5""","134° 48' 28.4""",NWT Mackenzie Delta Onshore,14-Jul-74,21-Nov-74,,
561,SUN KR PANARCTIC KITSON R. C-71,Suncor,Territorial,KITSON R. C-71,300C717620112300,Exploratory Well,Abandoned,"76° 10' 15.1""","112° 59' 5.4""",NWT Arctic Islands Onshore,14-Nov-70,06-Feb-71,,
458,CPOG KUGALUK N-02,Encana,Territorial,KUGALUK N-02,300N026840131300,Exploratory Well,Abandoned,"68° 31' 55.0""","131° 31' 28.1""",NWT Mainland,02-Apr-69,18-Dec-69,,
976,SHELL,Shell,Territorial,KUGPIK L-24,300L246900135150,Delineation,Plug and abandoned,"68° 89' 20.6""","135° 37' 02.8""",NWT Mackenzie Delta Onshore,3-Feb-75,11-Apr-75,2871,
1942,PC Devon,Suncor,Territorial,KUGPIK L-46,300L466900135150,Exploratory,Plug and suspended,"69° 04' 51.315""","135° 19'23.67""",NWT Mackenzie Delta Onshore,11-Mar-02,25-Apr-02,3014,
821,SHELL KUGPIK O-13,Shell,Territorial,KUGPIK O-13,300O136900135150,Exploratory Well,Suspended,"68° 52' 49.6""","135° 18' 24.6""",NWT Mackenzie Delta Onshore,26-Mar-73,30-Sep-73,,
,,Shell,Territorial,KUMAK A-29 (I-29), 300N2006A0029,,,"69° 17' 00.0""","135° 5' 28.0""",NWT Mackenzie Delta Onshore,,,,
838,SHELL,Shell,Territorial,KUMAK C-58,300C586920135000,Exploratory,Plug and abandoned,"69° 28' 50.4""","135° 13' 15.3""",NWT Mackenzie Delta Onshore,25-Apr-73,19-Oct-73,3530.2,
1064,SHELL,Shell,Territorial,KUMAK E-58,300E586920135001,Delineation,Plug and abandoned,"69° 17' 29.4""","135° 14' 55.3""",NWT Mackenzie Delta Onshore,28-Feb-77,8-Jun-77,1554.5,
2043,MGM ET AL KUMAK I-25,MGM Energy Corp.,Territorial,KUMAK I-25,300I256920135000,Exploratory Well,Suspended,"69° 14' 41.9""","135° 5' 14.5""",NWT Mackenzie Delta Onshore,07-Feb-07,07-Mar-07,,
879,SHELL KUMAK J-06,Shell,Territorial,KUMAK J-06,300J066920135000,Delineation Well,Abandoned,"69° 15' 35.7""","135° 1' 7.7""",NWT Mackenzie Delta Onshore,24-Nov-73,16-May-74,,
983,SHELL KUMAK K-16,Shell,Territorial,KUMAK K-16,300K166920135000,Delineation Well,Suspended,"69° 15' 32.6""","135° 4' 8.1""",NWT Mackenzie Delta Onshore,24-Feb-75,13-Jul-75,,
1901,SUNCOR ANDERSON KURK M-15,Suncor,Territorial,KURK M-15 (N2000A0050),300M156910135150,Exploratory Well,Suspended,"69° 4' 50.9""","135° 19' 33.5""",NWT Mackenzie Delta Onshore,10-Feb-01,17-Apr-01,,
1056,IMP DELTA 5 KURK M-39,Imperial,Territorial,KURK M-39,300M396910135150,Exploratory Well,Abandoned,"69° 8' 54.7""","135° 25' 3.8""",NWT Mackenzie Delta Onshore,16-Dec-76,09-Mar-77,,
962,ELFEX ET AL KUSRHAAK D-16,Husky,Aulavik National Park,KUSRHAAK D-16,300D167330120000,Exploratory Well,Abandoned,"73° 25' 5.9""","120° 5' 28.1""",NWT Arctic Islands Onshore,12-Jul-74,04-Apr-75,,
2054,MGM ET AL LANGLEY E-07,MGM Energy Corp.,Territorial,LANGLEY E-07,300E076920135300,Exploratory Well,Suspended,"69° 16' 23.8""","135° 32' 13.0""",NWT Mackenzie Delta Onshore,17-Mar-08,01-Apr-08,,
828,IMP LANGLEY E-29,Imperial,Territorial,LANGLEY E-29,300E296920135300,Exploratory Well,Abandoned,"69° 18' 28.7""","135° 37' 6.0""",NWT Mackenzie Delta Onshore,08-Apr-73,19-Jul-73,,
1985,MGM ET AL LANGLEY K-30,MGM Energy Corp.,Territorial,LANGLEY K-30,300K306920135300,Exploratory Well,Suspended,"69° 19' 30.2""","135° 36' 49.3""",NWT Mackenzie Delta Onshore,19-Mar-03,12-Apr-03,,
980,IMP DOME LOUTH K-45,Imperial,Territorial,LOUTH K-45,300K457000131150,Exploratory Well,Abandoned,"69° 54' 32.1""","131° 26' 56.9""",NWT Mackenzie Delta Onshore,19-Feb-75,12-Mar-75,,
574,IOE MAGAK A-32,Imperial,Territorial,MAGAK A-32,300A326940132000,Exploratory Well,Abandoned,"69° 31' 9.0""","132° 7' 41.8""",NWT Mackenzie Delta Onshore,20-Dec-70,22-Jan-71,,
1827,AURORA/JOGMEC/NRCAN MALLIK 2L-38,Japex,Territorial,MALLIK 2L-38,302L386930134300,Development Well,Suspended,"69° 27' 40.5""","134° 39' 40.5""",NWT Mackenzie Delta Onshore,16-Feb-98,28-Mar-98,,
1919,AURORA/JOGMEC/NRCAN MALLIK 3L-38,Japex,Territorial,MALLIK 3L-38,303L386930134300,Test Hole,Suspended,"69° 27' 38.1""","134° 39' 51.7""",NWT Mackenzie Delta Onshore,25-Dec-01,08-Jan-02,,
1920,AURORA/NRCAN MALLIK 4L-38,Japex,Territorial,MALLIK 4L-38,304L386930134300,Test Hole,Suspended,"69° 27' 40.6""","134° 39' 45.0""",NWT Mackenzie Delta Onshore,11-Jan-02,24-Jan-02,,
1921,AURORA/NRCAN MALLIK 5L-38,Japex,Territorial,MALLIK 5L-38,305L386930134300,Test Hole,Suspended,"69° 27' 39.3""","134° 39' 48.4""",NWT Mackenzie Delta Onshore,25-Jan-02,14-Mar-02,,
2046,ARI/JOGMEC/NRCAN MALLIK 6L-38,Japex,Territorial,MALLIK 6L-38,306L386930134300,Test Hole,Abandoned,"69° 27' 40.8""","134° 39' 44.4""",NWT Mackenzie Delta Onshore,20-Apr-07,20-Apr-07,,
722,ESSO MALLIK A-06,Imperial,Territorial,MALLIK A-06,300A066930134300,Exploratory Well,Abandoned,"69° 25' 0.9""","134° 30' 26.1""",NWT Mackenzie Delta Onshore,21-Apr-72,08-Oct-72,,
1084,IMP MALLIK J-37,Imperial,Territorial,MALLIK J-37,300J376930134300,Exploratory Well,Abandoned,"69° 26' 37.8""","134° 38' 33.1""",NWT Mackenzie Delta Onshore,22-Dec-77,11-Apr-78,,
673,ESSO MALLIK L-38,Imperial,Territorial,MALLIK L-38,300L386930134300,Exploratory Well,Suspended,"69° 27' 43.8""","134° 39' 35.1""",NWT Mackenzie Delta Onshore,24-Dec-71,05-Apr-72,,
773,IMP,Imperial,Territorial,MALLIK P-59,300P596930134300,Delineation,Plug and abandoned,"69° 29' 1.7""","134° 43' 15.0""",NWT Mackenzie Delta Onshore,30-Dec-72,2-Mar-73,2633.3,
470,SUNCOR MARIE BAY D-02,Suncor,Territorial,MARIE BAY D-02,300D027630115300,Exploratory Well,Abandoned,"76° 21' 3.6""","115° 33' 41.8""",NWT Arctic Islands Onshore,13-Aug-69,24-Sep-69,,
1603,ESSO HOME ET AL MAYOGIAK G-12,Imperial,ILA,MAYOGIAK G-12,300G126930132450,Exploratory Well,Abandoned,"69° 21' 17.0""","132° 48' 48.7""",NWT Mackenzie Delta Onshore,18-Feb-86,28-Mar-86,,
631,ESSO MAYOGIAK J-17,Imperial,ILA,MAYOGIAK J-17,300J176930132450,Exploratory Well,Suspended,"69° 26' 41.9""","132° 48' 22.2""",NWT Mackenzie Delta Onshore,03-Apr-71,06-Aug-71,,
919,IMP MAYOGIAK L-39,Imperial,ILA,MAYOGIAK L-39,300L396930132450,Delineation Well,Abandoned,"69° 28' 40.9""","132° 54' 39.9""",NWT Mackenzie Delta Onshore,10-Apr-74,30-Aug-74,,
1152,ESSO MAYOGIAK M-16,Imperial,ILA,MAYOGIAK M-16,300M166930132450,Development Well,Abandoned,"69° 25' 55.2""","132° 49' 39.8""",NWT Mackenzie Delta Onshore,24-Jan-80,10-Apr-80,,
1599,ESSO HOME ET AL MAYOGIAK N-34,Imperial,ILA,MAYOGIAK N-34,300N346930132450,Exploratory Well,Abandoned,"69° 23' 59.6""","132° 54' 13.3""",NWT Mackenzie Delta Onshore,14-Feb-86,06-Mar-86,,
1197,CHEVRON MUSKOX D-87,Chevron,Territorial,MUSKOX D-87,300D877340117000,Exploratory Well,Abandoned,"73° 36' 10.1""","117° 27' 9.5""",NWT Arctic Islands Onshore,30-Oct-81,27-Jan-82,,
1132,DOME PANARCTIC N. DUNDAS N-82,BP,Territorial,NORTH DUNDAS N-82,300N827450113000,Exploratory Well,Abandoned,"74° 41' 50.0""","113° 25' 50.0""",NWT Arctic Islands Onshore,11-Jun-79,11-Sep-79,,
686,ELF NANUK D-76,Husky,ILA,NANUK D-76,300D767310123000,Exploratory Well,Abandoned,"73° 5' 14.7""","123° 23' 56.0""",NWT Arctic Islands Onshore,17-Jan-72,04-Mar-72,,
1116,ESSO PEX NAPARTOK M-01,Imperial,Territorial,NAPARTOK M-01,300M016840134300,Exploratory Well,Abandoned,"68° 30' 46.6""","134° 32' 27.3""",NWT Mackenzie Delta Onshore,11-Feb-79,16-Mar-79,,
921,SHELL NAPOIAK F-31,Shell,Territorial,NAPOIAK F-31,300F316830134450,Exploratory Well,Abandoned,"68° 20' 24.5""","134° 53' 58.2""",NWT Mackenzie Delta Onshore,12-Apr-74,17-May-74,,
533,IOE NATAGNAK H-50,Imperial,Territorial,NATAGNAK H-50,300H506950131300,Exploratory Well,Abandoned,"69° 49' 27.0""","131° 40' 20.9""",NWT Mackenzie Delta Onshore,30-Apr-70,01-Jun-70,,
520,IOE NATAGNAK K-23,Imperial,Territorial,NATAGNAK K-23,300K236950131300,Exploratory Well,Abandoned,"69° 42' 31.0""","131° 36' 53.8""",NWT Mackenzie Delta Onshore,13-Mar-70,13-Apr-70,,
806,IMP CIGOL NATAGNAK K-53,Imperial,Territorial,NATAGNAK K-53,300K536950131300,Exploratory Well,Abandoned,"69° 42' 39.0""","131° 44' 4.9""",NWT Mackenzie Delta Onshore,04-Mar-73,29-Mar-73,,
1254,ESSO PEX HOME ET AL NATAGNAK O-59,Imperial,Territorial,NATAGNAK O-59,300O596950131300,Exploratory Well,Abandoned,"69° 48' 56.4""","131° 43' 30.0""",NWT Mackenzie Delta Onshore,17-Dec-82,28-Jan-83,,
211,TEXCAN C & E,Chevron,ILA,NICHOLSON G-56,300G567000128450,Exploratory,Plug and abandoned,"69° 55' 28.9""","128° 58' 34.0""",NWT Mackenzie Delta Onshore,4-Sep-62,19-Sep-62,863.5,
212,TEXCAN C & E NICHOLSON N-45,Chevron,ILA,NICHOLSON N-45,300N457000128450,Exploratory Well,Abandoned,"69° 54' 59.3""","128° 56' 28.5""",NWT Mainland,30-Oct-62,07-Nov-62,,
1009,SHELL NIGLINTGAK B-19,Shell,Territorial,NIGLINTGAK B-19,300B196920135150,Delineation Well,Suspended,"69° 18' 10.7""","135° 18' 29.0""",NWT Mackenzie Delta Onshore,18-Oct-75,22-Feb-76,,
753,SHELL NIGLINTGAK H-30,Shell,Territorial,NIGLINTGAK H-30,300H306920135150,Exploratory Well,Suspended,"69° 19' 20.9""","135° 20' 45.3""",NWT Mackenzie Delta Onshore,24-Oct-72,07-Apr-73,,
933,SHELL NIGLINTGAK M-19,Shell,Territorial,NIGLINTGAK M-19,300M196920135150,Delineation Well,Suspended,"69° 18' 48.7""","135° 19' 36.0""",NWT Mackenzie Delta Onshore,01-Jun-74,20-Jan-75,,
2058,MGM ET AL NORTH ELLICE J-17,MGM Energy Corp.,Territorial,NORTH ELLICE J-17,300J176920135450,Exploratory Well,Suspended,"69° 16' 30.4""","135° 48' 18.8""",NWT Mackenzie Delta Onshore,02-Feb-09,23-Feb-09,,
1010,SOBC CAN SUP ET AL NORTH ELLICE J-23,Chevron,Territorial,NORTH ELLICE J-23,300J236920135450,Exploratory Well,Suspended,"69° 12' 33.6""","135° 51' 23.9""",NWT Mackenzie Delta Onshore,22-Oct-75,15-Mar-76,,
764,IMP,Imperial,Territorial,NUKTAK C-22,300C226950134450,Exploratory,Plug and abandoned,"69° 41' 31.7""","134° 51' 50.0""",NWT Mackenzie Delta Onshore,16-Dec-72,8-Mar-73,3856.6,
1350,ESSO PCI HOME ET AL NUNA A-10,Imperial,ILA,NUNA A-10,300A106910133150,Exploratory Well,Abandoned,"69° 9' 0.2""","133° 15' 14.1""",NWT Mackenzie Delta Onshore,21-Dec-83,04-Feb-84,,
891,IMP NUNA A-32,Imperial,Territorial,NUNA A-32,300A326910133150,Exploratory Well,Abandoned,"69° 1' 13.8""","133° 22' 43.8""",NWT Mackenzie Delta Onshore,28-Dec-73,18-Mar-74,,
1611,ESSO HOME ET AL NUNA E-40,Imperial,Territorial,NUNA E-40 (D-40),300E406910133150,Exploratory Well,Abandoned,"69° 9' 15.6""","133° 24' 53.8""",NWT Mackenzie Delta Onshore,14-Mar-86,31-Mar-86,,
1977,SUNCOR DEVON NUNA I-30,Suncor,ILA,NUNA I-30,300I306910133150,Exploratory Well,Suspended,"69° 9' 34.3""","133° 20' 18.8""",NWT Mackenzie Delta Onshore,07-Feb-03,21-Apr-03,,
519,IOE NUVORAK O-09,Imperial,Territorial,NUVORAK O-09,300O097000130300,Exploratory Well,Abandoned,"69° 58' 55.2""","130° 31' 5.8""",NWT Mackenzie Delta Onshore,12-Mar-70,14-Apr-70,,
981,GULF-MOBIL OGEOQEOQ J-06,ConocoPhillips,Territorial,OGEOQEOQ J-06,300J066850133450,Exploratory Well,Abandoned,"68° 45' 41.7""","133° 46' 9.5""",NWT Mackenzie Delta Onshore,21-Feb-75,13-Mar-75,,
1072,GULF MOBIL OGRUKNANG M-31,ConocoPhillips,ILA,OGRUKNANG M-31,300M316900134150,Exploratory Well,Abandoned,"68° 50' 51.8""","134° 25' 0.1""",NWT Mackenzie Delta Onshore,18-Apr-77,01-Aug-77,,
536,GULF ONIGAT C-38,ConocoPhillips,Territorial,ONIGAT C-38,300C386850133300,Exploratory Well,Abandoned,"68° 47' 9.7""","133° 39' 24.6""",NWT Mackenzie Delta Onshore,02-May-70,25-Jun-70,,
1483,GULF ET AL ONIGAT D-52,ConocoPhillips,Territorial,ONIGAT D-52,300D526850133300,Exploratory Well,Abandoned,"68° 41' 0.5""","133° 44' 33.4""",NWT Mackenzie Delta Onshore,23-Jan-85,12-Feb-85,,
1592,GULF ET AL ONIGAT K-49,ConocoPhillips,Territorial,ONIGAT K-49,300K496850133300,Exploratory Well,Abandoned,"68° 48' 40.0""","133° 41' 56.4""",NWT Mackenzie Delta Onshore,02-Feb-86,16-Feb-86,,
775,DEMINEX CGDC FOC AMOCO ORKSUT I-44,Deminex,ILA,ORKSUT I-44,300I447230122300,Exploratory Well,Abandoned,"72° 23' 46.3""","122° 42' 19.3""",NWT Arctic Islands Onshore,01-Jan-73,28-Mar-73,,
1113,CHEVRON ET AL PARKER RIVER J-72,Chevron,Territorial,PARKER RIVER J-72,300J727340115300,Exploratory Well,Abandoned,"73° 31' 44.2""","115° 52' 34.1""",NWT Arctic Islands Onshore,13-Jan-79,01-Jun-79,,
992,GULF MOBIL PARSONS A-44,ConocoPhillips,Territorial,PARSONS A-44,300A446900133300,Delineation Well,Abandoned,"68° 53' 4.8""","133° 40' 45.6""",NWT Mackenzie Delta Onshore,09-Apr-75,29-Jul-75,,
1032,GULF MOBIL PARSONS D-20,ConocoPhillips,Territorial,PARSONS D-20,300D206900133300,Delineation Well,Other,"68° 59' 9.1""","133° 34' 34.5""",NWT Mackenzie Delta Onshore,21-Apr-76,22-Nov-76,,
1570,GULF ET AL PARSONS E-02,ConocoPhillips,Territorial,PARSONS E-02,300E026900133300,Exploratory Well,Abandoned,"68° 51' 15.5""","133° 32' 19.9""",NWT Mackenzie Delta Onshore,21-Dec-85,23-Jan-86,,
671,GULF MOBIL PARSONS F-09,ConocoPhillips,Territorial,PARSONS F-09,300F096900133300,Exploratory Well,Suspended,"68° 58' 27.9""","133° 31' 55.3""",NWT Mackenzie Delta Onshore,20-Dec-71,19-Apr-72,,
1057,GULF MOBIL PARSONS L-37,ConocoPhillips,Territorial,PARSONS L-37,300L376900133300,Delineation Well,Other,"68° 56' 42.5""","133° 40' 4.4""",NWT Mackenzie Delta Onshore,26-Dec-76,02-Apr-77,,
1016,GULF MOBIL PARSONS L-43,ConocoPhillips,Territorial,PARSONS L-43,300L436900133300,Delineation Well,Other,"68° 52' 38.5""","133° 42' 5.8""",NWT Mackenzie Delta Onshore,10-Dec-75,04-Mar-76,,
800,GULF MOBIL PARSONS N-10,ConocoPhillips,Territorial,PARSONS N-10,300N106900133300,Delineation Well,Other,"68° 59' 48.3""","133° 31' 59.7""",NWT Mackenzie Delta Onshore,24-Feb-73,29-May-73,,
1017,GULF MOBIL PARSONS N-17,ConocoPhillips,Territorial,PARSONS N-17,300N176900133300,Delineation Well,Other,"68° 56' 52.8""","133° 34' 8.7""",NWT Mackenzie Delta Onshore,18-Dec-75,13-Apr-76,,
917,GULF MOBIL PARSONS O-27,ConocoPhillips,Territorial,PARSONS O-27,300O276900133300,Delineation Well,Suspended,"68° 56' 52.8""","133° 36' 5.7""",NWT Mackenzie Delta Onshore,23-Mar-74,30-Aug-74,,
1058,GULF MOBIL PARSONS P-41,ConocoPhillips,Territorial,PARSONS P-41,300P416900133300,Exploratory Well,Other,"68° 50' 50.6""","133° 40' 37.9""",NWT Mackenzie Delta Onshore,29-Dec-76,05-Apr-77,,
889,GULF MOBIL PARSONS P-53,ConocoPhillips,Territorial,PARSONS P-53,300P536900133300,Exploratory Well,Abandoned,"68° 52' 49.1""","133° 43' 6.9""",NWT Mackenzie Delta Onshore,22-Dec-73,09-Apr-74,,
955,SUNCOR ET AL PEDDER POINT D-49,Suncor,Territorial,PEDDER POINT D-49,300D497540118300,Exploratory Well,Abandoned,"75° 38' 11.3""","118° 48' 27.1""",NWT Arctic Islands Onshore,12-Oct-74,10-Nov-74,,
666,IMP IOE PIKIOLIK E-54,Imperial,ILA,PIKIOLIK E-54,300E546930132300,Exploratory Well,Abandoned,"69° 23' 14.9""","132° 44' 44.8""",NWT Mackenzie Delta Onshore,11-Dec-71,15-Feb-72,3118,
1274,ESSO PEX HOME ET AL PIKIOLIK G-21,Imperial,ILA,PIKIOLIK G-21,300G216930132300,Exploratory Well,Abandoned,"69° 20' 23.3""","132° 35' 53.4""",NWT Mackenzie Delta Onshore,16-Feb-83,24-Mar-83,1429.6,
672,IMP IOE PIKIOLIK M-26,Imperial,ILA,PIKIOLIK M-26,300M266930132300,Exploratory Well,Suspended,"69° 25' 54.9""","132° 37' 35.8""",NWT Mackenzie Delta Onshore,22-Dec-71,07-Feb-72,1984,
982,GULF MOBIL DOME RED FOX P-21,Uncertain,Territorial,RED FOX P-21,300P216920133300,Exploratory Well,Abandoned,"69° 10' 47.9""","133° 35' 10.9""",NWT Mackenzie Delta Onshore,23-Feb-75,03-Jun-75,,Ownership under review by ConocoPhillips.
888,GULF IMP SHELL REINDEER A-41,ConocoPhillips,ILA,REINDEER A-41,300A416910134300,Delineation Well,Abandoned,"69° 0' 11.7""","134° 40' 28.7""",NWT Mackenzie Delta Onshore,22-Dec-73,07-Feb-74,,
814,GULF IMP SHELL REINDEER C-36,Uncertain,ILA,REINDEER C-36 (F-36),300C366910134300,Exploratory Well,Suspended,"69° 5' 9.6""","134° 39' 24.7""",NWT Mackenzie Delta Onshore,13-Mar-73,05-Jun-73,,Sold to Shell by ConocoPhillips. Shell would not confirm.
275,B.A. SHELL IOE REINDEER D-27,Uncertain,ILA,REINDEER D-27,300D276910134300,Exploratory Well,Abandoned,"69° 6' 4.7""","134° 37' 3.7""",NWT Mackenzie Delta Onshore,08-Jul-65,05-Jan-66,,Ownership under review by ConocoPhillips. Shell or ConocoPhillips.
770,PACIFIC IMP ET AL,Imperial,Y.T. ILA,ROLAND BAY Y.T. L-41,300L416930138450,Exploratory,Plug and abandoned,"69° 20' 30.8""","138° 56' 55.0""",Yukon Onshore,22-Dec-72,20-Apr-73,2752.3,
906,IMP CIGOL RUSSELL H-23,Imperial,Territorial,RUSSELL H-23,300H237010130000,Exploratory Well,Abandoned,"70° 2' 18.2""","130° 6' 37.9""",NWT Mackenzie Delta Onshore,17-Feb-74,01-Apr-74,,
1011,SUNCOR ET AL SABINE BAY A-07,Suncor,,SABINE BAY A-07,300A077530110000,Exploratory Well,Abandoned,"75° 26' 8.5""","110° 0' 58.0""",NWT Arctic Islands Onshore,23-Oct-75,24-Feb-76,,
1066,MOBIL GULF SADENE D-02,Uncertain,ILA,SADENE D-02,300D026900126450,Exploratory Well,Abandoned,"68° 51' 1.6""","126° 47' 23.6""",NWT Mainland,08-Mar-77,06-May-77,,Mobil operates as indicated by Conoco. IOL indicates they do not own this well.
462,SUNCOR SANDY POINT L-46,Suncor,Territorial,SANDY POINT L-46,300L467630115000,Exploratory Well,Abandoned,"76° 25' 41.0""","115° 18' 24.7""",NWT Arctic Islands Onshore,09-May-69,02-Aug-69,,
651,BP ET AL PANARCTIC SATELLITE F-68,Repsol Oil and Gas Canada Inc.,Territorial,SATELLITE F-68,300F687720116300,Exploratory Well,Abandoned,"77° 17' 29.6""","116° 55' 21.7""",NWT Arctic Islands Onshore,17-Sep-71,02-May-72,,
1493,GULF ET AL SHAKGATLATACHIG D-50,ConocoPhillips,ILA,SHAKGATLATACHIG D-50,300D506840133450,Exploratory Well,Abandoned,"68° 39' 6.9""","133° 57' 17.7""",NWT Mackenzie Delta Onshore,21-Feb-85,22-Mar-85,,
1777,SHELL SHAVILIG J-20,Shell,Territorial,SHAVILIG J-20,300J206910135150,Exploratory Well,Abandoned,"69° 9' 38.1""","135° 18' 21.7""",NWT Mackenzie Delta Onshore,18-Feb-92,16-Mar-92,,
523,GULF SHOLOKPAOQAK P-60,ConocoPhillips,Territorial,SHOLOKPAOQAK P-60,300P606840133300,Exploratory Well,Abandoned,"68° 39' 44.7""","133° 43' 9.4""",NWT Mackenzie Delta Onshore,17-Mar-70,23-Apr-70,,
1031,GULF MOBIL SIKU A-12,ConocoPhillips,Territorial,SIKU A-12,300A126910133300,Delineation Well,Other,"69° 1' 0.1""","133° 32' 41.3""",NWT Mackenzie Delta Onshore,14-Apr-76,26-Jul-76,,
1019,GULF MOBIL SIKU C-11,ConocoPhillips,Territorial,SIKU C-11,300C116910133300,Delineation Well,Other,"69° 0' 4.7""","133° 33' 59.7""",NWT Mackenzie Delta Onshore,26-Dec-75,22-Mar-76,,
730,GULF MOBIL SIKU C-55,ConocoPhillips,Territorial,SIKU C-55,300C556910133300,Exploratory Well,Abandoned,"69° 4' 3.8""","133° 44' 7.7""",NWT Mackenzie Delta Onshore,02-May-72,08-Nov-72,,
1071,GULF MOBIL SIKU E-21,ConocoPhillips,Territorial,SIKU E-21,300E216910133300,Delineation Well,Other,"69° 0' 29.1""","133° 37' 4.7""",NWT Mackenzie Delta Onshore,17-Apr-77,21-Jun-77,,
943,SMOKING HILLS A-23,Uncertain,ILA,SMOKING HILLS A-23,300A236930126150,Exploratory Well,Abandoned,"69° 22' 6.7""","126° 20' 39.0""",NWT Mainland,04-Aug-74,22-Aug-74,,BP or Suncor
585,IOE,Imperial,Y.T. ILA,SPRING RIVER YT N-58,300N586910138300,Exploratory,Plug and abandoned,"69° 7' 53.0""","138° 44' 4.9""",Yukon Onshore,7-Jan-71,18-Mar-71,2136.3,
654,ELF ET AL STORKERSON BAY A-15,Husky,ILA,STORKERSON BAY A-15,300A157300124300,Exploratory Well,Abandoned,"72° 54' 1.6""","124° 33' 40.1""",NWT Arctic Islands Onshore,23-Oct-71,10-Dec-71,,
727,IOE TAGLU C-42,Imperial,Territorial,TAGLU C-42,300C426930134450,Delineation Well,Suspended,"69° 21' 4.7""","134° 57' 0.0""",NWT Mackenzie Delta Onshore,30-Apr-72,18-Nov-72,4895,
819,IOE TAGLU D-43,Imperial,Territorial,TAGLU D-43,300D436930134450,Delineation Well,Suspended,"69° 22' 13.6""","134° 57' 10.4""",NWT Mackenzie Delta Onshore,23-Mar-73,11-Sep-73,4555,
715,IOE TAGLU D-55,Imperial,Territorial,TAGLU D-55,300D556930134450,Exploratory Well,Abandoned,"69° 24' 13.7""","134° 59' 44.0""",NWT Mackenzie Delta Onshore,06-Apr-72,21-Aug-72,,
622,ESSO TAGLU G-33,Imperial,Territorial,TAGLU G-33,300G336930134450,Exploratory Well,Suspended,"69° 22' 17.7""","134° 53' 46.7""",NWT Mackenzie Delta Onshore,13-Apr-71,18-Aug-71,2994,
1054,IOE TAGLU H-54,Imperial,Territorial,TAGLU H-54,300H546930134450,Delineation Well,Suspended,"69° 23' 19.8""","134° 58' 16.0""",NWT Mackenzie Delta Onshore,02-Dec-76,11-Jan-77,,
1955,IMPERIAL OIL TAGLU N-43,Imperial,Territorial,TAGLU N-43,300N436930134450,Other,Other,"69° 22' 44.9""","134° 56' 30.1""",NWT Mackenzie Delta Onshore,09-Apr-77,13-Apr-77,,
1501,ESSO HOME ET AL TAGLU WEST H-06,Imperial,Territorial,TAGLU WEST H-06,300H066930135000,Exploratory Well,Abandoned,"69° 25' 24.2""","135° 0' 39.6""",NWT Mackenzie Delta Onshore,26-Mar-85,05-Sep-85,,
667,ESSO TAGLU WEST P-03,Imperial,Territorial,TAGLU WEST P-03,300P036930135000,Delineation Well,Suspended,"69° 22' 54.7""","135° 0' 34.0""",NWT Mackenzie Delta Onshore,12-Dec-71,29-Mar-72,3310,
893,ELF TEXACO TIRITCHIK M-48,Husky,Territorial,TIRITCHIK M-48,300M487250120300,Exploratory Well,Abandoned,"72° 47' 52.8""","120° 44' 58.0""",NWT Arctic Islands Onshore,31-Dec-73,06-Apr-74,,
751,GULF IMP SHELL TITALIK K-26,Uncertain,Territorial,TITALIK K-26,300K266910135000,Exploratory Well,Abandoned,"69° 5' 29.7""","135° 6' 24.8""",NWT Mackenzie Delta Onshore,17-Oct-72,20-Feb-73,,Sold to Shell by ConocoPhillips. Shell would not confirm. Previously considered to be owned by Shell.
995,SHELL GULF IMP TITALIK O-15,Uncertain,Territorial,TITALIK O-15,300O156910135000,Delineation Well,Suspended,"69° 4' 57.7""","135° 3' 21.7""",NWT Mackenzie Delta Onshore,27-Apr-75,16-Aug-75,,"Shell operates as indicated by Conoco. Thought to be 50% Shell, 50% Gulf. Shell confirmed ownership in 2004 ESRF."
923,GULF MOBIL TOAPOLOK H-24,ConocoPhillips,Territorial,TOAPOLOK H-24,300H246920134450,Delineation Well,Abandoned,"69° 13' 17.7""","134° 50' 34.9""",NWT Mackenzie Delta Onshore,21-Apr-74,15-Jun-74,,
882,GULF MOBIL TOAPOLOK O-54,ConocoPhillips,Territorial,TOAPOLOK O-54,300O546920134450,Exploratory Well,Abandoned,"69° 13' 57.2""","134° 58' 40.8""",NWT Mackenzie Delta Onshore,27-Nov-73,01-Apr-74,,
1941,DEVON PC TUK B-02,Canadian Natural Resources,ILA,TUK B-02,300B026930133000,Exploratory Well,Suspended,"69° 21' 11.2""","133° 1' 7.5""",NWT Mackenzie Delta Onshore,17-Feb-02,31-Mar-02,,
1563,ESSO PCI HOME ET AL TUK B-40,Imperial,ILA,TUK B-40,300B406920133000,Delineation Well,Suspended,"69° 19' 13.6""","133° 8' 29.7""",NWT Mackenzie Delta Onshore,08-Dec-85,09-Jan-86,,
1763,ESSO PCI HOME ET AL TUK E-20,Imperial,ILA,TUK E-20,300E206920133000,Exploratory Well,Abandoned,"69° 19' 18.6""","133° 5' 9.8""",NWT Mackenzie Delta Onshore,25-Jan-91,08-Apr-91,,
419,IOE TUK F-18,Imperial,ILA,TUK F-18,300F186920133000,Exploratory Well,Abandoned,"69° 17' 28.9""","133° 4' 10.9""",NWT Mackenzie Delta Onshore,29-Dec-68,27-Apr-69,,
1562,ESSO PCI HOME ET AL TUK G-39,Imperial,ILA,TUK G-39,300G396920133000,Delineation Well,Suspended,"69° 18' 22.9""","133° 8' 52.8""",NWT Mackenzie Delta Onshore,05-Dec-85,06-Jan-86,,
1581,ESSO PCI HOME ET AL TUK G-48,Imperial,ILA,TUK G-48,300G486920133000,Delineation Well,Suspended,"69° 17' 23.1""","133° 11' 12.0""",NWT Mackenzie Delta Onshore,14-Jan-86,10-Feb-86,,
1508,ESSO PCI HOME ET AL TUK H-30,Imperial,ILA,TUK H-30,300H306920133000,Delineation Well,Suspended,"69° 19' 20.6""","133° 5' 23.7""",NWT Mackenzie Delta Onshore,21-Apr-85,06-May-85,,
1474,ESSO HOME PCI ET AL TUK J-29,Imperial,ILA,TUK J-29,300J296920133000,Exploratory Well,Abandoned,"69° 18' 41.3""","133° 6' 0.2""",NWT Mackenzie Delta Onshore,10-Jan-85,20-Apr-85,,
1342,ESSO PCI HOME ET AL TUK L-09,Imperial,ILA,TUK L-09,300L096920133000,Exploratory Well,Abandoned,"69° 18' 44.5""","133° 2' 22.8""",NWT Mackenzie Delta Onshore,18-Nov-83,06-Mar-84,,
1933,DEVON PC TUK M-18,Canadian Natural Resources,ILA,TUK M-18,300M186920133000,Delineation Well,Suspended,"69° 17' 50.5""","133° 4' 44.5""",NWT Mackenzie Delta Onshore,24-Dec-01,04-Feb-02,,
566,IOE TUKTU O-19,Imperial,ILA,TUKTU O-19,300O196920132450,Exploratory Well,Abandoned,"69° 18' 54.9""","132° 48' 26.8""",NWT Mackenzie Delta Onshore,07-Dec-70,06-Feb-71,,
1561,ESSO PCI HOME ET AL TUKTUK A-12,Imperial,ILA,TUKTUK A-12,300A126930133000,Delineation Well,Abandoned,"69° 21' 1.3""","133° 3' 8.5""",NWT Mackenzie Delta Onshore,02-Dec-85,12-Feb-86,,
1594,ESSO PCI HOME ET AL TUKTUK D-11,Imperial,ILA,TUKTUK D-11,300D116930133000,Delineation Well,Suspended,"69° 20' 11.5""","133° 4' 50.4""",NWT Mackenzie Delta Onshore,07-Feb-86,02-Mar-86,,
1576,ESSO PCI HOME ET AL TUKTUK H-22,Imperial,ILA,TUKTUK H-22,300H226930133000,Delineation Well,Suspended,"69° 21' 21.9""","133° 5' 11.9""",NWT Mackenzie Delta Onshore,11-Jan-86,05-Feb-86,,
1050,SHELL TULLUGAK K-31,Shell,Territorial,TULLUGAK K-31,300K316900135000,Exploratory Well,Abandoned,"68° 50' 29.6""","135° 9' 31.2""",NWT Mackenzie Delta Onshore,18-Oct-76,05-Jan-77,,
1029,GULF IMP SHELL TUNUNUK F-30,ConocoPhillips,ILA,TUNUNUK F-30,300F306900134300,Exploratory Well,Abandoned,"68° 59' 21.7""","134° 36' 52.7""",NWT Mackenzie Delta Onshore,05-Apr-76,06-Jul-76,,
405,IOE BA SHELL TUNUNUK K-10,Imperial,ILA,TUNUNUK K-10,300K106900134450,Exploratory Well,Abandoned,"68° 59' 43.7""","134° 46' 43.6""",NWT Mackenzie Delta Onshore,13-Aug-68,29-Jun-69,,
1025,SHELL ULU A-35,Shell,ILA,ULU A-35,300A356850135450,Exploratory Well,Suspended,"68° 44' 1.5""","135° 53' 6.4""",NWT Mackenzie Delta Onshore,15-Mar-76,22-Sep-76,,
766,IMP UMIAK J-37,Imperial,Territorial,UMIAK J-37,300J376930134150,Exploratory Well,Abandoned,"69° 26' 35.9""","134° 23' 18.1""",NWT Mackenzie Delta Onshore,17-Dec-72,01-Mar-73,,
2018,MGM COP UMIAK N-05,MGM Energy Corp.,Territorial,UMIAK N-05,300N056930134150,Exploratory Well,Suspended,"69° 24' 56.5""","134° 16' 30.1""",NWT Mackenzie Delta Onshore,18-Jan-05,23-Apr-05,,
1070,IMP. IOE UMIAK N-10,Imperial,Territorial,UMIAK N-10,300N106930134150,Exploratory Well,Abandoned,"69° 29' 49.9""","134° 16' 35.1""",NWT Mackenzie Delta Onshore,13-Apr-77,02-Oct-77,,
2000,MGM COP UMIAK N-16,MGM Energy Corp.,,UMIAK N-16,300N166930134150,Exploratory Well,Suspended,"69° 25' 53.0""","134° 19' 5.6""",NWT Mackenzie Delta Onshore,18-Feb-04,23-Apr-04,,
713,ELF UMINMAK H-07,Husky,Territorial,UMINMAK H-07,300H077340123000,Exploratory Well,Abandoned,"73° 36' 30.8""","123° 0' 41.3""",NWT Arctic Islands Onshore,01-Apr-72,07-May-72,,
876,SHELL,Shell,Territorial,UNAK B-11,300B116850135150,Exploratory,Plug and abandoned,"68° 66' 69.1""","135° 31' 57.2""",NWT Mackenzie Delta Onshore,7-Nov-73,17-Mar-74,3345.2,
1623,SHELL ET AL UNAK L-28,Shell,Territorial,UNAK L-28,300L286850135150,Exploratory Well,Abandoned,"68° 47' 38.0""","135° 22' 15.7""",NWT Mackenzie Delta Onshore,11-Aug-86,13-Dec-86,,
1776,SHELL UNIPKAT B-12,Shell,Territorial,UNIPKAT B-12,300B126920135150,Delineation Well,Suspended,"69° 11' 0.5""","135° 18' 34.8""",NWT Mackenzie Delta Onshore,08-Jan-92,10-Feb-92,,
742,SHELL UNIPKAT I-22,Shell,Territorial,UNIPKAT I-22,300I226920135150,Exploratory Well,Suspended,"69° 11' 37.1""","135° 20' 37.3""",NWT Mackenzie Delta Onshore,08-Sep-72,06-Mar-73,,
2044,MGM ET AL UNIPKAT M-45,MGM Energy Corp.,Territorial,UNIPKAT M-45,300M456920135150,Exploratory Well,Abandoned,"69° 14' 55.5""","135° 27' 30.6""",NWT Mackenzie Delta Onshore,14-Mar-07,22-Mar-07,,
1749,SHELL UNIPKAT N-12,Shell,Territorial,UNIPKAT N-12,300N126920135150,Exploratory Well,Suspended,"69° 11' 54.5""","135° 19' 17.5""",NWT Mackenzie Delta Onshore,06-Feb-90,04-Apr-90,,
1059,CCL UPLUK A-42,Chevron,Territorial,UPLUK A-42,300A426930135150,Exploratory Well,Abandoned,"69° 21' 10.7""","135° 25' 44.0""",NWT Mackenzie Delta Onshore,15-Jan-77,02-Apr-77,,
797,CHEVRON SOBC UPLUK C-21,Chevron,Territorial,UPLUK C-21,300C216930135150,Exploratory Well,Abandoned,"69° 20' 5.7""","135° 21' 35.0""",NWT Mackenzie Delta Onshore,16-Feb-73,19-May-73,,
1500,CHEVRON TRILLIUM UPLUK L-42,Chevron,Territorial,UPLUK L-42,300L426930135150,Exploratory Well,Abandoned,"69° 21' 37.5""","135° 27' 39.4""",NWT Mackenzie Delta Onshore,22-Mar-85,20-Jul-85,,
977,CHEVRON SOBC UPLUK M-38,Chevron,Territorial,UPLUK M-38,300M386930135150,Exploratory Well,Abandoned,"69° 46' 55.55""","135° 41' 5""",NWT Mackenzie Delta Onshore,6-Feb-75,4-Mar-75,3764.3,
974,MURPHY ET AL VICTORIA ISLAND F-36,Murphy Oil Company Ltd.,Territorial,VICTORIA ISLAND F-36,300F367250117000,Exploratory Well,Abandoned,"72° 45' 19.9""","117° 11' 22.0""",NWT Arctic Islands Onshore,28-Jan-75,27-Apr-75,,
1033,PANARCTIC TENN ET AL,Suncor,ILA,WEST HECLA C-05,300C057630110300,Delineation,Plug and abandoned,"76° 24' 9.0""","110° 31' 54.8""",NWT Arctic Islands Onshore,28-Apr-76,16-May-76,1237.5,
1030,IMP DELTA 5 WAGNARK C-23,Imperial,ILA,WAGNARK C-23,300C236920133150,Exploratory Well,Abandoned,"69° 12' 0.9""","133° 21' 54.9""",NWT Mackenzie Delta Onshore,07-Apr-76,05-Oct-76,,
833,IMP WAGNARK G-12,Imperial,ILA,WAGNARK G-12,300G126920133150,Exploratory Well,Abandoned,"69° 11' 20.9""","133° 18' 23.8""",NWT Mackenzie Delta Onshore,18-Apr-73,05-Aug-73,,
1609,ESSO HOME ET AL WAGNARK L-36,Imperial,ILA,WAGNARK L-36,300L366920133150,Exploratory Well,Abandoned,"69° 15' 43.4""","133° 25' 3.8""",NWT Mackenzie Delta Onshore,08-Mar-86,25-Apr-86,,
990,ELFEX ET AL WILKIE POINT J-51,Husky,Territorial,WILKIE POINT J-51,300J517640117000,Exploratory Well,Abandoned,"76° 30' 33.5""","117° 19' 59.3""",NWT Arctic Islands Onshore,17-Mar-75,21-May-75,,
554,ELF WILKINS E-60,Husky,Territorial,WILKINS E-60,300E607800111000,Exploratory Well,Abandoned,"77° 59' 22.2""","111° 21' 55.6""",NWT Arctic Islands Onshore,11-Oct-70,20-Jan-71,,
201,DOME ET AL WINTER HARBOUR NO.1(A-09),BP,Territorial,WINTER HARBOUR NO.1(A-09),300A097450110300,Exploratory Well,Abandoned,"74° 48' 8.5""","110° 30' 45.1""",NWT Arctic Islands Onshore,10-Sep-61,07-Apr-62,,
904,UNION WOLVERINE H-34,Chevron,Territorial,WOLVERINE H-34,300H346830130300,Exploratory Well,Abandoned,"68° 23' 19.1""","130° 38' 8.9""",NWT Mainland,05-Feb-74,02-Apr-74,,
909,GULF MOBIL YA-YA A-28,Uncertain,Territorial,YA-YA A-28,300A286920134300,Delineation Well,Suspended,"69° 17' 10.8""","134° 35' 37.0""",NWT Mackenzie Delta Onshore,28-Feb-74,06-Jul-74,,Sold to Shell by ConocoPhillips.
,,,,,,,,,,,,,,Shell would not confirm.
959,GULF MOBIL YA-YA I-17,Uncertain,Territorial,YA-YA I-17,300I176920134300,Delineation Well,Abandoned,"69° 16' 34.8""","134° 32' 59.0""",NWT Mackenzie Delta Onshore,22-Nov-74,11-Jan-75,,Sold to Shell by ConocoPhillips. Shell would not confirm.
958,GULF MOBIL YA-YA M-33,ConocoPhillips,Territorial,YA-YA M-33,300M336920134300,Delineation Well,Abandoned,"69° 12' 56.7""","134° 39' 53.9""",NWT Mackenzie Delta Onshore,22-Nov-74,13-Feb-75,,
760,GULF MOBIL YA-YA P-53,Uncertain,Territorial,YA-YA P-53,300P536920134300,Exploratory Well,Suspended,"69° 12' 45.5""","134° 42' 59.7""",NWT Mackenzie Delta Onshore,08-Dec-72,20-Mar-73,,Sold to Shell by ConocoPhillips. Shell would not confirm.
841,SUNCOR TENNECO ET AL ZEUS F-11,Suncor,Territorial,ZEUS F-11,300F117600113300,Exploratory Well,Abandoned,"75° 50' 25.1""","113° 36' 34.0""",NWT Arctic Islands Onshore,02-May-73,27-May-73,,
