Name,Operator,Spud_Date,RIG RELEASE,DRILLING PLATFORM,WATER DEPTH (M)
NUKTAK C-22,Imperial,1972-12-16,1973-03-08,Land on Hooper Is,NA
IMMERK B-48,Imperial,1973-09-17,1973-12-22,Sacrificial Beach Is,3
ADGO F-28,Imperial,1973-12-28,1974-03-19,Sandbag Retained Is,2
PULLEN E-17,Imperial,1974-04-21,1974-07-11,Sandbag Retained Is,2
UNARK L-24,Sun,1974-09-26,1975-05-24,Hauled Island,2
PELLY B-35,Sun,1974-10-05,1975-02-14,Hauled Island,2
ADGO P-25,Imperial,1975-01-02,1975-03-28,Sandbag Retained Is,2
NETSERK B-44,Imperial,1975-01-06,1975-06-08,Sandbag Retained Is,5
ADGO C-15,Imperial,1975-04-21,1975-07-25,Sandbag Retained Is,2
IKATTOK J-17,Imperial,1975-07-10,1976-02-28,Sandbag Retained Is,2
NETSERK F-40,Imperial,1975-11-08,1976-05-09,Sandbag Retained Is,8
SARPIK B-35,Imperial,1976-04-02,1976-09-04,Sandbag Retained Is,4
KOPANOAR D-14,Dome,1976-08-08,1976-09-26,Canmar Explorer 3,60
TINGMIARK K-91,Dome,1976-08-11,1977-10-18,Canmar Explorer 1/3,28
NEKTORALIK K-59,Dome,1976-09-23,1977-10-17,Canmar Explorer 2/3,64
KOPANOAR M-13,Dome,1976-09-27,1979-09-10,Canmar Explorer 3,57
KUGMALLIT H-59,Imperial,1976-09-30,1976-11-10,Sandbag Retained Is,5
ARNAK L-30,Imperial,1976-10-05,1977-03-16,Sacrificial Beach Is,9
UNARK 2L-24,Sun,1976-10-19,1977-05-08,Hauled Island,2
KANNERK G-42,Imperial,1977-03-30,1977-05-14,Sacrificial Beach Is,8
UKALERK C-50,Dome,1977-07-18,1977-10-03,Canmar Explorer 1,42
KAGLULIK A-75,Dome,1977-07-19,1978-08-06,Canmar Explorer 3,39
NERLERK M-98,Dome,1977-10-04,1982-08-28,Canmar Explorer 1/3,52
ISSERK E-27,Imperial,1977-12-04,1978-05-05,Sacrificial Beach Is,13
NATSEK E-56,Dome,1978-07-10,1979-10-08,Canmar Explorer 2-4,34
UKALERK 2C-50,Dome,1978-08-10,1979-10-11,Canmar Explorer 1,42
TARSIUT A-25,Dome,1978-10-18,1980-07-28,Canmar Explorer 3,20
KAGLULIK M-64,Dome,1978-11-03,1979-07-10,Canmar Explorer 2,27
ADGO J-27,Esso,1979-04-05,1979-08-07,Sandbag Retained Is,2
KENALOOAK J-94,Dome,1979-09-20,1982-11-01,Canmar Explorer 2-4,68
KOPANOAR L-34,Dome,1979-10-11,1979-11-26,Canmar Explorer 2,58
KOAKOAK O-22,Dome,1979-11-05,1981-10-31,Canmar Explorer 1/2,49
KOPANOAR 2L-34,Dome,1979-11-26,1979-11-28,Canmar Explorer 4,56
ISSUNGNAK O-61,Imperial,1980-02-06,1980-07-08,Sacrificial Beach Is,37
KILANNAK A-77,Dome,1980-06-23,1981-09-04,Canmar Explorer 3,38
ORVILRUK O-03,Dome,1980-07-09,1980-09-16,Canmar Explorer 1,60
KOPANOAR I-44,Dome,1980-07-10,1980-08-01,Canmar Explorer 4,59
KOPANOAR 2I-44,Dome,1980-08-02,1981-10-28,Canmar Explorer 2,58
ISSUNGNAK 2O-61,Imperial,1980-10-02,1981-08-13,Sacrificial Beach Is,19
NORTH ISSUNGNAK L-86,Gulf,1981-07-17,1981-10-17,Canmar Explorer 2,26
ALERK P-23,Imperial,1981-09-21,1981-12-24,Sacrificial Beach Is,12
IRKALUK B-35,Dome,1981-09-27,1982-10-04,Canmar Explorer 4/2,58
EAST TARSIUT N-44,Gulf,1981-12-10,1982-06-07,Concrete Caisson,19
WEST ATKINSON L-17,Imperial,1982-05-01,1982-06-25,Sandbag Retained Is,7
EAST TARSIUT N-44A,Gulf,1982-06-08,1982-09-19,Concrete Caisson,19
KIGGAVIK A-43,Gulf,1982-07-21,1982-10-17,Canmar Explorer 1,18
AIVERK I-45,Dome,1982-10-05,1982-10-23,Canmar Explorer 2,62
AIVERK 2I-45,Dome,1982-11-03,1984-10-11,Canmar Explorer 4/1,61
ITIYOK I-27,Imperial,1982-11-05,1983-05-02,Sacrificial Beach Is,14
UVILUK P-66,Dome,1982-11-10,1983-05-21,SSDC,30
NATIAK O-44,Dome,1983-07-16,1984-09-25,Canmar Explorer 2,44
HAVIK B-41,Dome,1983-07-17,1986-08-24,Canmar Explorer 1,35
SIULIK I-05,Dome,1983-07-25,1984-10-18,Canmar Explorer 4,52
ARLUK E-90,Dome,1983-07-30,1985-10-13,Canmar Explorer 3,57
PITSIULAK A-05,Gulf,1983-08-22,1984-07-26,Kulluk,27
KADLUK O-07,Imperial,1983-09-25,1984-04-24,CRI,14
AMAULIGAK I-44,Gulf,1983-10-07,1983-11-15,Kulluk,20
KOGYUK N-67,Gulf,1983-10-28,1984-01-30,SSDC,28
AMAULIGAK J-44,Gulf,1983-11-16,1984-09-23,Kulluk,31
AMERK O-09,Imperial,1984-08-22,1985-03-03,CRI,26
WEST TARSIUT P-45,Gulf,1984-09-25,1984-12-24,Molikpaq,22
NERLERK J-67,Dome,1984-09-26,1985-10-24,Kulluk,45
ADGO H-29,Imperial,1984-09-27,1985-01-12,Sandbag Retained Is,3
NIPTERK L-19,Imperial,1984-10-03,1985-03-23,Sacrificial Beach Is,11
AKPAK P-35,Gulf,1984-10-17,1985-11-08,Kulluk,41
NIPTERK L-19A,Imperial,1985-04-21,1985-07-15,Sacrificial Beach Is,11
AKPAK 2P-35,Gulf,1985-07-08,1985-08-14,Kulluk,41
ADLARTOK P-09,Dome,1985-08-08,1985-10-17,Canmar Explorer 3,68
EDLOK M-56,Dome,1985-08-10,1985-09-18,Canmar Explorer 4,32
AMAULIGAK I-65,Gulf,1985-09-24,1986-01-21,Molikpaq,23
ADGO G-24,Imperial,1985-10-07,1986-01-07,Sandbag Retained Is,2
AAGNERK E-56,Gulf,1985-10-28,1986-06-26,Kulluk,20
MINUK I-53,Imperial,1985-11-27,1986-05-02,Sacrificial Beach Is,15
NORTH ELLICE L-39,Chevron,1986-01-25,1986-04-20,Sandbag Retained Is,2
AMAULIGAK I-65A,Gulf,1986-01-28,1986-03-20,Molikpaq,23
AMAULIGAK I-65B,Gulf,1986-03-20,1986-09-19,Molikpaq,23
ARNAK K-06,Imperial,1986-04-27,1986-08-12,Sacrificial Beach Is,8
KAUBVIK I-43,Imperial,1986-10-22,1987-01-10,CRI,18
ANGASAK L-03,Trillium,1987-02-24,1987-04-12,Spray Ice Island,5
AMAULIGAK F-24,Gulf,1987-10-01,1988-08-12,Molikpaq,32
AMAULIGAK 2F-24,Gulf,1987-12-22,1988-01-29,Molikpaq,32
AMAULIGAK 2F-24A,Gulf,1988-01-30,1988-02-17,Molikpaq,32
AMAULIGAK 2F-24B,Gulf,1988-04-15,1988-08-07,Molikpaq,32
AMAULIGAK 2F-24BST,Gulf,1988-07-27,1988-08-07,Molikpaq,32
AMAULIGAK O-86,Gulf,1988-06-30,1988-08-26,Kulluk,20
AMAULIGAK COREHOLE NO.1,Gulf,1988-08-12,1988-09-07,Molikpaq,32
NIPTERK P-32,Esso,1989-02-21,1989-04-20,Spray Ice Island,7
IMMIUGAK N-05,Gulf,1989-06-01,1989-06-10,Kulluk,32
IMMIUGAK A-06,Gulf,1989-06-16,1989-09-22,Kulluk,53
KINGARK J-54,Amoco,1989-07-18,1989-10-10,Canmar Explorer 1,59
ISSERK I-15,Imperial,1989-11-11,1990-01-08,Molikpaq,12
PAKTOA C-60,Devon,2005-12-05,2006-03-19,SDC,13